ID,Label
63.jpg,78
823.jpg,55
189.jpg,59
77.jpg,38
837.jpg,78
638.jpg,49
604.jpg,88
162.jpg,18
176.jpg,62
88.jpg,75
610.jpg,78
348.jpg,32
360.jpg,62
406.jpg,1
412.jpg,0
374.jpg,55
1019.jpg,17
599.jpg,49
1025.jpg,35
1031.jpg,31
228.jpg,0
214.jpg,38
572.jpg,28
566.jpg,91
200.jpg,78
957.jpg,62
943.jpg,74
994.jpg,55
758.jpg,94
980.jpg,78
770.jpg,91
764.jpg,17
765.jpg,72
771.jpg,52
981.jpg,44
759.jpg,0
995.jpg,74
942.jpg,58
956.jpg,6
567.jpg,34
201.jpg,26
215.jpg,12
573.jpg,18
229.jpg,84
1030.jpg,62
1024.jpg,48
598.jpg,78
1018.jpg,10
413.jpg,70
375.jpg,46
361.jpg,42
407.jpg,15
349.jpg,38
177.jpg,20
611.jpg,92
89.jpg,12
605.jpg,76
163.jpg,46
639.jpg,70
188.jpg,79
836.jpg,76
76.jpg,22
822.jpg,32
62.jpg,72
74.jpg,64
834.jpg,67
60.jpg,41
820.jpg,92
48.jpg,24
808.jpg,6
149.jpg,28
613.jpg,47
175.jpg,72
161.jpg,69
607.jpg,33
388.jpg,59
439.jpg,77
377.jpg,55
411.jpg,40
405.jpg,78
363.jpg,44
1032.jpg,18
1026.jpg,57
559.jpg,43
203.jpg,88
565.jpg,45
571.jpg,18
217.jpg,1
940.jpg,35
798.jpg,82
954.jpg,76
968.jpg,19
983.jpg,56
997.jpg,91
767.jpg,24
773.jpg,64
772.jpg,12
766.jpg,78
996.jpg,52
982.jpg,78
969.jpg,28
955.jpg,41
799.jpg,67
941.jpg,54
570.jpg,15
216.jpg,3
202.jpg,38
564.jpg,65
558.jpg,78
1027.jpg,88
1033.jpg,1
404.jpg,40
362.jpg,16
376.jpg,56
410.jpg,7
438.jpg,22
389.jpg,78
160.jpg,7
606.jpg,75
612.jpg,72
174.jpg,6
148.jpg,35
809.jpg,82
49.jpg,12
821.jpg,12
61.jpg,94
835.jpg,24
75.jpg,46
59.jpg,43
819.jpg,94
71.jpg,68
831.jpg,65
65.jpg,12
825.jpg,96
170.jpg,77
616.jpg,5
602.jpg,12
164.jpg,67
158.jpg,72
399.jpg,1
414.jpg,1
372.jpg,41
366.jpg,78
400.jpg,96
428.jpg,8
1023.jpg,89
560.jpg,49
206.jpg,74
212.jpg,75
574.jpg,83
548.jpg,5
979.jpg,26
945.jpg,94
951.jpg,95
789.jpg,95
762.jpg,56
776.jpg,4
986.jpg,59
992.jpg,24
993.jpg,55
987.jpg,31
777.jpg,22
763.jpg,82
788.jpg,78
950.jpg,91
944.jpg,18
978.jpg,74
549.jpg,44
213.jpg,18
575.jpg,12
561.jpg,40
207.jpg,12
1022.jpg,6
429.jpg,72
367.jpg,67
401.jpg,18
415.jpg,96
373.jpg,12
398.jpg,19
159.jpg,7
603.jpg,57
165.jpg,76
171.jpg,13
617.jpg,78
824.jpg,70
64.jpg,41
830.jpg,49
70.jpg,68
818.jpg,65
58.jpg,64
8.jpg,57
198.jpg,47
66.jpg,43
826.jpg,33
72.jpg,18
832.jpg,17
167.jpg,31
601.jpg,78
99.jpg,14
615.jpg,54
173.jpg,69
629.jpg,12
403.jpg,17
365.jpg,23
371.jpg,10
417.jpg,72
359.jpg,6
1020.jpg,82
1034.jpg,92
588.jpg,39
1008.jpg,75
577.jpg,88
211.jpg,55
205.jpg,78
563.jpg,19
239.jpg,54
952.jpg,48
946.jpg,74
775.jpg,77
761.jpg,65
749.jpg,94
991.jpg,72
985.jpg,38
984.jpg,49
990.jpg,38
748.jpg,78
760.jpg,28
774.jpg,24
947.jpg,34
953.jpg,14
238.jpg,78
204.jpg,83
562.jpg,31
576.jpg,65
210.jpg,60
1009.jpg,77
589.jpg,70
1035.jpg,59
1021.jpg,96
358.jpg,16
370.jpg,76
416.jpg,78
402.jpg,62
364.jpg,18
628.jpg,63
614.jpg,70
172.jpg,55
166.jpg,13
98.jpg,78
600.jpg,75
833.jpg,67
73.jpg,12
199.jpg,67
827.jpg,17
67.jpg,22
9.jpg,66
698.jpg,16
840.jpg,78
14.jpg,49
854.jpg,5
28.jpg,45
868.jpg,22
883.jpg,69
897.jpg,76
129.jpg,52
101.jpg,67
667.jpg,23
673.jpg,22
115.jpg,65
459.jpg,39
465.jpg,38
303.jpg,33
317.jpg,78
471.jpg,5
288.jpg,79
539.jpg,12
511.jpg,12
277.jpg,9
263.jpg,91
505.jpg,94
934.jpg,42
920.jpg,14
908.jpg,76
713.jpg,39
707.jpg,72
706.jpg,52
712.jpg,72
909.jpg,7
921.jpg,95
935.jpg,14
262.jpg,78
504.jpg,38
510.jpg,69
276.jpg,67
538.jpg,49
289.jpg,31
316.jpg,55
470.jpg,78
464.jpg,78
302.jpg,71
458.jpg,57
672.jpg,23
114.jpg,53
100.jpg,30
666.jpg,31
896.jpg,60
128.jpg,19
882.jpg,12
869.jpg,97
29.jpg,33
855.jpg,78
15.jpg,23
841.jpg,72
699.jpg,75
17.jpg,83
857.jpg,49
843.jpg,34
894.jpg,12
880.jpg,22
658.jpg,72
116.jpg,18
670.jpg,11
664.jpg,94
102.jpg,96
499.jpg,48
328.jpg,32
472.jpg,61
314.jpg,60
300.jpg,52
466.jpg,24
248.jpg,12
506.jpg,8
260.jpg,96
274.jpg,83
512.jpg,74
923.jpg,15
937.jpg,32
738.jpg,55
704.jpg,64
710.jpg,35
711.jpg,46
705.jpg,49
739.jpg,20
936.jpg,10
922.jpg,26
275.jpg,35
513.jpg,62
507.jpg,17
261.jpg,47
249.jpg,94
301.jpg,49
467.jpg,88
473.jpg,57
315.jpg,72
329.jpg,95
498.jpg,68
665.jpg,49
103.jpg,44
117.jpg,55
671.jpg,15
659.jpg,18
881.jpg,69
895.jpg,55
842.jpg,48
856.jpg,76
16.jpg,91
12.jpg,75
852.jpg,60
846.jpg,54
675.jpg,47
113.jpg,70
107.jpg,0
661.jpg,29
891.jpg,67
649.jpg,49
885.jpg,78
488.jpg,78
311.jpg,21
477.jpg,72
463.jpg,52
305.jpg,45
339.jpg,76
265.jpg,78
503.jpg,21
517.jpg,20
271.jpg,94
259.jpg,33
926.jpg,49
932.jpg,88
701.jpg,49
715.jpg,91
729.jpg,7
728.jpg,76
714.jpg,49
700.jpg,18
933.jpg,20
927.jpg,76
258.jpg,17
516.jpg,16
270.jpg,15
264.jpg,43
502.jpg,54
338.jpg,46
462.jpg,76
304.jpg,92
310.jpg,22
476.jpg,0
489.jpg,52
884.jpg,17
648.jpg,68
890.jpg,96
106.jpg,62
660.jpg,96
674.jpg,30
112.jpg,31
847.jpg,72
853.jpg,72
13.jpg,68
39.jpg,94
879.jpg,20
845.jpg,23
689.jpg,64
11.jpg,77
851.jpg,60
662.jpg,12
104.jpg,4
110.jpg,67
676.jpg,57
886.jpg,49
138.jpg,40
892.jpg,12
306.jpg,77
460.jpg,72
474.jpg,35
312.jpg,56
448.jpg,49
299.jpg,23
272.jpg,75
514.jpg,94
500.jpg,77
266.jpg,53
528.jpg,52
919.jpg,72
931.jpg,94
925.jpg,74
716.jpg,72
702.jpg,48
703.jpg,22
717.jpg,37
924.jpg,39
930.jpg,21
918.jpg,78
529.jpg,71
501.jpg,52
267.jpg,49
273.jpg,9
515.jpg,65
298.jpg,38
449.jpg,70
475.jpg,44
313.jpg,96
307.jpg,48
461.jpg,74
893.jpg,67
887.jpg,78
139.jpg,96
111.jpg,23
677.jpg,20
663.jpg,45
105.jpg,10
850.jpg,26
10.jpg,75
688.jpg,94
844.jpg,24
878.jpg,1
38.jpg,52
21.jpg,14
861.jpg,72
35.jpg,24
875.jpg,69
685.jpg,75
691.jpg,33
849.jpg,76
108.jpg,52
120.jpg,65
646.jpg,64
652.jpg,48
134.jpg,91
487.jpg,75
493.jpg,70
478.jpg,13
444.jpg,94
322.jpg,49
336.jpg,55
450.jpg,32
295.jpg,88
281.jpg,7
518.jpg,34
530.jpg,14
256.jpg,70
242.jpg,22
524.jpg,94
915.jpg,68
901.jpg,52
929.jpg,21
732.jpg,23
726.jpg,78
727.jpg,74
733.jpg,92
928.jpg,57
900.jpg,5
914.jpg,39
243.jpg,52
525.jpg,94
531.jpg,14
257.jpg,0
519.jpg,49
280.jpg,82
294.jpg,72
337.jpg,78
451.jpg,64
445.jpg,70
323.jpg,88
479.jpg,19
492.jpg,75
486.jpg,12
653.jpg,96
135.jpg,45
121.jpg,70
647.jpg,3
109.jpg,78
848.jpg,26
690.jpg,46
684.jpg,61
874.jpg,91
34.jpg,22
860.jpg,54
20.jpg,77
36.jpg,58
876.jpg,78
22.jpg,74
862.jpg,48
692.jpg,72
686.jpg,75
679.jpg,70
137.jpg,78
889.jpg,77
651.jpg,33
645.jpg,46
123.jpg,52
490.jpg,53
484.jpg,52
309.jpg,15
453.jpg,30
335.jpg,13
321.jpg,43
447.jpg,88
282.jpg,75
296.jpg,95
269.jpg,18
527.jpg,72
241.jpg,23
255.jpg,56
533.jpg,88
902.jpg,83
916.jpg,45
719.jpg,78
725.jpg,21
731.jpg,26
730.jpg,57
724.jpg,54
718.jpg,72
917.jpg,78
903.jpg,13
254.jpg,76
532.jpg,78
526.jpg,7
240.jpg,9
268.jpg,74
297.jpg,34
283.jpg,55
320.jpg,29
446.jpg,76
452.jpg,18
334.jpg,49
308.jpg,78
485.jpg,91
491.jpg,65
644.jpg,18
122.jpg,24
136.jpg,99
650.jpg,96
888.jpg,49
678.jpg,1
687.jpg,1
693.jpg,76
863.jpg,78
23.jpg,88
877.jpg,22
37.jpg,91
697.jpg,75
683.jpg,75
33.jpg,83
873.jpg,76
27.jpg,20
867.jpg,41
654.jpg,91
132.jpg,43
126.jpg,72
898.jpg,72
640.jpg,23
668.jpg,28
495.jpg,30
481.jpg,0
330.jpg,69
456.jpg,65
442.jpg,20
324.jpg,49
318.jpg,14
287.jpg,78
293.jpg,49
244.jpg,33
522.jpg,17
536.jpg,74
250.jpg,54
278.jpg,4
907.jpg,67
913.jpg,27
720.jpg,77
734.jpg,71
708.jpg,91
709.jpg,94
735.jpg,78
721.jpg,40
912.jpg,75
906.jpg,23
279.jpg,46
537.jpg,91
251.jpg,38
245.jpg,18
523.jpg,2
292.jpg,76
286.jpg,72
319.jpg,16
443.jpg,78
325.jpg,27
331.jpg,48
457.jpg,52
480.jpg,41
494.jpg,84
669.jpg,38
127.jpg,43
641.jpg,29
899.jpg,18
655.jpg,91
133.jpg,88
866.jpg,6
26.jpg,72
872.jpg,26
32.jpg,44
682.jpg,34
696.jpg,79
680.jpg,3
18.jpg,12
858.jpg,26
694.jpg,49
24.jpg,32
864.jpg,21
30.jpg,53
870.jpg,60
643.jpg,75
125.jpg,82
131.jpg,32
657.jpg,78
119.jpg,32
482.jpg,72
496.jpg,77
327.jpg,56
441.jpg,68
455.jpg,76
333.jpg,49
469.jpg,78
290.jpg,47
284.jpg,44
253.jpg,72
535.jpg,23
521.jpg,1
247.jpg,77
509.jpg,23
938.jpg,78
910.jpg,43
904.jpg,40
737.jpg,75
723.jpg,78
722.jpg,40
736.jpg,44
905.jpg,49
911.jpg,74
939.jpg,1
508.jpg,49
520.jpg,76
246.jpg,88
252.jpg,4
534.jpg,55
285.jpg,78
291.jpg,47
468.jpg,49
454.jpg,47
332.jpg,60
326.jpg,67
440.jpg,54
497.jpg,78
483.jpg,49
118.jpg,5
130.jpg,88
656.jpg,20
642.jpg,24
124.jpg,58
871.jpg,40
31.jpg,49
865.jpg,94
25.jpg,76
695.jpg,22
859.jpg,12
19.jpg,40
681.jpg,1
42.jpg,1
802.jpg,49
4.jpg,49
56.jpg,97
816.jpg,12
180.jpg,78
194.jpg,96
81.jpg,43
619.jpg,6
95.jpg,24
625.jpg,76
143.jpg,78
157.jpg,58
631.jpg,94
382.jpg,67
396.jpg,38
369.jpg,30
341.jpg,30
427.jpg,78
433.jpg,2
355.jpg,49
1004.jpg,78
590.jpg,13
584.jpg,45
1010.jpg,7
209.jpg,0
235.jpg,75
553.jpg,82
547.jpg,15
221.jpg,15
976.jpg,78
962.jpg,78
792.jpg,74
786.jpg,95
779.jpg,62
751.jpg,74
989.jpg,28
745.jpg,32
744.jpg,67
988.jpg,71
750.jpg,27
778.jpg,65
787.jpg,32
793.jpg,52
963.jpg,15
977.jpg,91
546.jpg,1
220.jpg,72
234.jpg,21
552.jpg,78
208.jpg,7
1011.jpg,79
585.jpg,2
591.jpg,74
1005.jpg,55
432.jpg,62
354.jpg,12
340.jpg,76
426.jpg,24
368.jpg,35
397.jpg,82
383.jpg,56
156.jpg,78
630.jpg,52
624.jpg,82
142.jpg,22
94.jpg,35
618.jpg,78
80.jpg,43
195.jpg,32
181.jpg,88
5.jpg,75
817.jpg,17
57.jpg,54
803.jpg,4
43.jpg,21
55.jpg,16
815.jpg,72
7.jpg,49
41.jpg,74
801.jpg,38
69.jpg,59
829.jpg,49
197.jpg,68
183.jpg,23
96.jpg,15
168.jpg,26
82.jpg,88
632.jpg,34
154.jpg,78
140.jpg,55
626.jpg,70
395.jpg,45
381.jpg,69
418.jpg,14
356.jpg,65
430.jpg,15
424.jpg,67
342.jpg,34
587.jpg,45
1013.jpg,97
1007.jpg,30
593.jpg,40
578.jpg,26
222.jpg,49
544.jpg,43
550.jpg,33
236.jpg,3
961.jpg,46
975.jpg,18
785.jpg,13
949.jpg,0
791.jpg,49
746.jpg,82
752.jpg,64
753.jpg,4
747.jpg,86
790.jpg,54
948.jpg,94
784.jpg,22
974.jpg,43
960.jpg,75
551.jpg,20
237.jpg,38
223.jpg,18
545.jpg,33
579.jpg,60
592.jpg,40
1006.jpg,95
1012.jpg,76
586.jpg,34
425.jpg,88
343.jpg,78
357.jpg,56
431.jpg,65
419.jpg,84
380.jpg,59
394.jpg,32
141.jpg,78
627.jpg,43
633.jpg,38
155.jpg,45
83.jpg,20
97.jpg,67
169.jpg,67
182.jpg,70
828.jpg,74
68.jpg,91
196.jpg,94
800.jpg,0
40.jpg,75
814.jpg,23
54.jpg,29
6.jpg,3
192.jpg,37
78.jpg,58
838.jpg,49
186.jpg,40
2.jpg,38
50.jpg,83
810.jpg,65
44.jpg,75
804.jpg,23
151.jpg,52
637.jpg,78
623.jpg,82
145.jpg,94
93.jpg,18
87.jpg,48
179.jpg,94
390.jpg,52
384.jpg,48
435.jpg,49
353.jpg,16
347.jpg,37
421.jpg,74
409.jpg,76
582.jpg,3
1016.jpg,22
1002.jpg,70
596.jpg,95
541.jpg,76
227.jpg,37
233.jpg,84
555.jpg,86
569.jpg,78
958.jpg,7
780.jpg,67
794.jpg,78
964.jpg,46
970.jpg,74
743.jpg,75
757.jpg,49
756.jpg,18
742.jpg,60
971.jpg,67
965.jpg,74
795.jpg,14
781.jpg,24
959.jpg,68
568.jpg,32
232.jpg,91
554.jpg,43
540.jpg,56
226.jpg,26
597.jpg,14
1003.jpg,74
1017.jpg,49
583.jpg,76
408.jpg,49
346.jpg,76
420.jpg,52
434.jpg,34
352.jpg,3
385.jpg,68
391.jpg,12
86.jpg,78
178.jpg,4
92.jpg,49
622.jpg,31
144.jpg,94
150.jpg,7
636.jpg,75
805.jpg,34
45.jpg,96
3.jpg,62
811.jpg,5
51.jpg,12
839.jpg,12
79.jpg,10
187.jpg,41
193.jpg,26
185.jpg,9
191.jpg,97
47.jpg,65
807.jpg,38
53.jpg,83
813.jpg,64
1.jpg,43
146.jpg,20
620.jpg,29
634.jpg,0
152.jpg,74
84.jpg,76
608.jpg,83
90.jpg,44
387.jpg,22
393.jpg,88
422.jpg,53
344.jpg,74
350.jpg,77
436.jpg,3
378.jpg,59
1001.jpg,76
595.jpg,23
581.jpg,30
1015.jpg,49
1029.jpg,37
556.jpg,41
230.jpg,96
224.jpg,59
542.jpg,10
218.jpg,52
797.jpg,23
783.jpg,60
973.jpg,56
967.jpg,75
754.jpg,91
740.jpg,52
998.jpg,75
768.jpg,52
769.jpg,95
999.jpg,71
741.jpg,69
755.jpg,32
966.jpg,39
972.jpg,76
782.jpg,40
796.jpg,45
219.jpg,32
225.jpg,92
543.jpg,95
557.jpg,76
231.jpg,88
1028.jpg,65
1014.jpg,18
580.jpg,84
594.jpg,64
1000.jpg,31
379.jpg,58
351.jpg,43
437.jpg,67
423.jpg,77
345.jpg,92
392.jpg,53
386.jpg,92
91.jpg,34
609.jpg,88
85.jpg,94
635.jpg,95
153.jpg,14
147.jpg,75
621.jpg,45
812.jpg,14
52.jpg,41
0.jpg,62
806.jpg,43
46.jpg,83
190.jpg,35
184.jpg,95
